gblock_f1r1_copy	1	14
gblock_f1r1_copy	2	14
gblock_f1r1_copy	3	14
gblock_f1r1_copy	4	14
gblock_f1r1_copy	5	14
gblock_f1r1_copy	6	14
gblock_f1r1_copy	7	14
gblock_f1r1_copy	8	14
gblock_f1r1_copy	9	14
gblock_f1r1_copy	10	14
gblock_f1r1_copy	11	14
gblock_f1r1_copy	12	14
gblock_f1r1_copy	13	14
gblock_f1r1_copy	14	14
gblock_f1r1_copy	15	14
gblock_f1r1_copy	16	14
gblock_f1r1_copy	17	14
gblock_f1r1_copy	18	14
gblock_f1r1_copy	19	14
gblock_f1r1_copy	20	14
gblock_f1r1_copy	21	14
gblock_f1r1_copy	22	14
gblock_f1r1_copy	23	14
gblock_f1r1_copy	24	14
gblock_f1r1_copy	25	14
gblock_f1r1_copy	26	14
gblock_f1r1_copy	27	14
gblock_f1r1_copy	28	14
gblock_f1r1_copy	29	14
gblock_f1r1_copy	30	14
gblock_f1r1_copy	31	14
gblock_f1r1_copy	32	14
gblock_f1r1_copy	33	14
gblock_f1r1_copy	34	14
gblock_f1r1_copy	35	14
gblock_f1r1_copy	36	14
gblock_f1r1_copy	37	14
gblock_f1r1_copy	38	14
gblock_f1r1_copy	39	14
gblock_f1r1_copy	40	14
gblock_f1r1_copy	41	14
gblock_f1r1_copy	42	14
gblock_f1r1_copy	43	14
gblock_f1r1_copy	44	14
gblock_f1r1_copy	45	14
gblock_f1r1_copy	46	14
gblock_f1r1_copy	47	14
gblock_f1r1_copy	48	14
gblock_f1r1_copy	49	17
gblock_f1r1_copy	50	17
gblock_f1r1_copy	51	17
gblock_f1r1_copy	52	17
gblock_f1r1_copy	53	17
gblock_f1r1_copy	54	17
gblock_f1r1_copy	55	17
gblock_f1r1_copy	56	17
gblock_f1r1_copy	57	17
gblock_f1r1_copy	58	17
gblock_f1r1_copy	59	17
gblock_f1r1_copy	60	16
gblock_f1r1_copy	61	17
gblock_f1r1_copy	62	17
gblock_f1r1_copy	63	17
gblock_f1r1_copy	64	17
gblock_f1r1_copy	65	17
gblock_f1r1_copy	66	17
gblock_f1r1_copy	67	17
gblock_f1r1_copy	68	17
gblock_f1r1_copy	69	17
gblock_f1r1_copy	70	17
gblock_f1r1_copy	71	17
gblock_f1r1_copy	72	17
gblock_f1r1_copy	73	17
gblock_f1r1_copy	74	17
gblock_f1r1_copy	75	17
gblock_f1r1_copy	76	17
gblock_f1r1_copy	77	17
gblock_f1r1_copy	78	17
gblock_f1r1_copy	79	17
gblock_f1r1_copy	80	17
gblock_f1r1_copy	81	17
gblock_f1r1_copy	82	17
gblock_f1r1_copy	83	17
gblock_f1r1_copy	84	17
gblock_f1r1_copy	85	17
gblock_f1r1_copy	86	17
gblock_f1r1_copy	87	17
gblock_f1r1_copy	88	17
gblock_f1r1_copy	89	17
gblock_f1r1_copy	90	17
gblock_f1r1_copy	91	17
gblock_f1r1_copy	92	17
gblock_f1r1_copy	93	17
gblock_f1r1_copy	94	17
gblock_f1r1_copy	95	17
gblock_f1r1_copy	96	16
gblock_f1r1_copy	97	17
gblock_f1r1_copy	98	17
gblock_f1r1_copy	99	16
gblock_f1r1_copy	100	17
gblock_f1r1_copy	101	17
gblock_f1r1_copy	102	17
gblock_f1r1_copy	103	17
gblock_f1r1_copy	104	17
gblock_f1r1_copy	105	17
gblock_f1r1_copy	106	17
gblock_f1r1_copy	107	17
gblock_f1r1_copy	108	17
gblock_f1r1_copy	109	17
gblock_f1r1_copy	110	17
gblock_f1r1_copy	111	17
gblock_f1r1_copy	112	17
gblock_f1r1_copy	113	17
gblock_f1r1_copy	114	17
gblock_f1r1_copy	115	17
gblock_f1r1_copy	116	16
gblock_f1r1_copy	117	16
gblock_f1r1_copy	118	16
gblock_f1r1_copy	119	16
gblock_f1r1_copy	120	15
gblock_f1r1_copy	121	15
gblock_f1r1_copy	122	15
gblock_f1r1_copy	123	15
gblock_f1r1_copy	124	15
gblock_f1r1_copy	125	15
gblock_f1r1_copy	126	15
gblock_f1r1_copy	127	15
gblock_f1r1_copy	128	15
gblock_f1r1_copy	129	15
gblock_f1r1_copy	130	15
gblock_f1r1_copy	131	15
gblock_f1r1_copy	132	15
gblock_f1r1_copy	133	15
gblock_f1r1_copy	134	14
gblock_f1r1_copy	135	14
gblock_f1r1_copy	136	14
gblock_f1r1_copy	137	14
gblock_f1r1_copy	138	14
gblock_f1r1_copy	139	14
gblock_f1r1_copy	140	14
gblock_f1r1_copy	141	14
gblock_f1r1_copy	142	14
gblock_f1r1_copy	143	14
gblock_f1r1_copy	144	14
gblock_f1r1_copy	145	13
gblock_f1r1_copy	146	13
gblock_f1r1_copy	147	12
gblock_f1r1_copy	148	12
gblock_f1r1_copy	149	12
gblock_f1r1_copy	150	11
gblock_f1r1_copy	151	11
gblock_f1r1_copy	152	10
gblock_f1r1_copy	153	10
gblock_f1r1_copy	154	5
gblock_f1r1_copy	155	5
gblock_f1r1_copy	156	5
gblock_f1r1_copy	157	10
gblock_f1r1_copy	158	10
gblock_f1r1_copy	159	10
gblock_f1r1_copy	160	10
gblock_f1r1_copy	161	10
gblock_f1r1_copy	162	9
gblock_f1r1_copy	163	9
gblock_f1r1_copy	164	2
gblock_f1r1_copy	165	2
gblock_f1r1_copy	166	1
gblock_f1r1_copy	167	1
gblock_f1r1_copy	168	1
gblock_f1r1_copy	169	1
gblock_f1r1_copy	170	1
gblock_f1r1_copy	171	1
gblock_f1r1_copy	172	1
gblock_f1r1_copy	173	1
gblock_f1r1_copy	174	1
gblock_f1r1_copy	175	1
gblock_f1r1_copy	176	1
gblock_f1r1_copy	177	1
gblock_f1r1_copy	178	1
gblock_f1r1_copy	179	2
gblock_f1r1_copy	180	2
gblock_f1r1_copy	181	2
gblock_f1r1_copy	182	2
gblock_f1r1_copy	183	2
gblock_f1r1_copy	184	2
gblock_f1r1_copy	185	2
gblock_f1r1_copy	186	2
gblock_f1r1_copy	187	2
gblock_f1r1_copy	188	2
gblock_f1r1_copy	189	2
gblock_f1r1_copy	190	2
gblock_f1r1_copy	191	2
gblock_f1r1_copy	192	2
gblock_f1r1_copy	193	2
gblock_f1r1_copy	194	2
gblock_f1r1_copy	195	2
gblock_f1r1_copy	196	2
gblock_f1r1_copy	197	2
gblock_f1r1_copy	198	2
gblock_f1r1_copy	199	2
gblock_f1r1_copy	200	2
gblock_f1r1_copy	201	2
gblock_f1r1_copy	202	2
gblock_f1r1_copy	203	2
gblock_f1r1_copy	204	2
gblock_f1r1_copy	205	2
gblock_f1r1_copy	206	2
gblock_f1r1_copy	207	2
gblock_f1r1_copy	208	2
gblock_f1r1_copy	209	2
gblock_f1r1_copy	210	2
gblock_f1r1_copy	211	2
gblock_f1r1_copy	212	2
gblock_f1r1_copy	213	2
gblock_f1r1_copy	214	2
gblock_f1r1_copy	215	2
gblock_f1r1_copy	216	2
gblock_f1r1_copy	217	2
gblock_f1r1_copy	218	2
gblock_f1r1_copy	219	2
gblock_f1r1_copy	220	2
gblock_f1r1_copy	221	2
gblock_f1r1_copy	222	2
gblock_f1r1_copy	223	2
gblock_f1r1_copy	224	2
gblock_f1r1_copy	225	2
gblock_f1r1_copy	226	2
gblock_f1r1_copy	227	2
gblock_f1r1_copy	228	2
gblock_f1r1_copy	229	2
gblock_f1r1_copy	230	2
gblock_f1r1_copy	231	2
gblock_f1r1_copy	232	2
gblock_f1r1_copy	233	2
gblock_f1r1_copy	234	2
gblock_f1r1_copy	235	2
gblock_f1r1_copy	236	2
gblock_f1r1_copy	237	2
gblock_f1r1_copy	238	2
gblock_f1r1_copy	239	2
gblock_f1r1_copy	240	2
gblock_f1r1_copy	241	2
gblock_f1r1_copy	242	2
gblock_f1r1_copy	243	2
gblock_f1r1_copy	244	0
gblock_f1r1_copy	245	0
gblock_f1r1_copy	246	0
gblock_f1r1_copy	247	0
gblock_f1r1_copy	248	0
gblock_f1r1_copy	249	0
gblock_f1r1_copy	250	0
gblock_f1r1_copy	251	0
gblock_f1r1_copy	252	0
gblock_f1r1_copy	253	0
gblock_f1r1_copy	254	0
gblock_f1r1_copy	255	0
gblock_f1r1_copy	256	0
gblock_f1r1_copy	257	0
gblock_f1r1_copy	258	0
gblock_f1r1_copy	259	0
gblock_f1r1_copy	260	0
gblock_f1r1_copy	261	0
gblock_f1r1_copy	262	0
gblock_f1r1_copy	263	0
gblock_f1r1_copy	264	0
gblock_f1r1_copy	265	0
gblock_f1r1_copy	266	0
gblock_f1r1_copy	267	0
gblock_f1r1_copy	268	0
gblock_f1r1_copy	269	0
gblock_f1r1_copy	270	0
gblock_f1r1_copy	271	0
gblock_f1r1_copy	272	0
gblock_f1r1_copy	273	0
gblock_f1r1_copy	274	0
gblock_f1r1_copy	275	0
gblock_f1r1_copy	276	0
gblock_f1r1_copy	277	0
gblock_f1r1_copy	278	0
gblock_f1r1_copy	279	0
gblock_f1r1_copy	280	0
gblock_f1r1_copy	281	0
gblock_f1r1_copy	282	0
gblock_f1r1_copy	283	0
gblock_f1r1_copy	284	0
gblock_f1r1_copy	285	0
gblock_f1r1_copy	286	0
gblock_f1r1_copy	287	0
gblock_f1r1_copy	288	0
gblock_f1r1_copy	289	0
gblock_f1r1_copy	290	0
gblock_f1r1_copy	291	0
gblock_f1r1_copy	292	0
gblock_f1r1_copy	293	0
gblock_f1r1_copy	294	0
gblock_f1r1_copy	295	0
gblock_f1r1_copy	296	0
gblock_f1r1_copy	297	0
gblock_f1r1_copy	298	0
gblock_f1r1_copy	299	0
gblock_f1r1_copy	300	0
gblock_f1r1_copy	301	0
gblock_f1r1_copy	302	0
gblock_f1r1_copy	303	0
gblock_f1r1_copy	304	0
gblock_f1r1_copy	305	0
gblock_f1r1_copy	306	0
gblock_f1r1_copy	307	0
gblock_f1r1_copy	308	0
gblock_f1r1_copy	309	0
gblock_f1r1_copy	310	0
gblock_f1r1_copy	311	0
gblock_f1r1_copy	312	0
gblock_f1r1_copy	313	0
gblock_f1r1_copy	314	0
gblock_f1r1_copy	315	0
gblock_f1r1_copy	316	0
gblock_f1r1_copy	317	0
gblock_f1r1_copy	318	0
gblock_f1r1_copy	319	0
gblock_f1r1_copy	320	0
gblock_f1r1_copy	321	0
gblock_f1r1_copy	322	0
gblock_f1r1_copy	323	0
gblock_f1r1_copy	324	0
gblock_f1r1_copy	325	0
gblock_f1r1_copy	326	0
gblock_f1r1_copy	327	0
gblock_f1r1_copy	328	0
gblock_f1r1_copy	329	0
gblock_f1r1_copy	330	0
gblock_f1r1_copy	331	0
gblock_f1r1_copy	332	0
gblock_f1r1_copy	333	0
gblock_f1r1_copy	334	0
gblock_f1r1_copy	335	0
gblock_f1r1_copy	336	0
gblock_f1r1_copy	337	0
gblock_f1r1_copy	338	0
gblock_f1r1_copy	339	0
gblock_f1r1_copy	340	0
gblock_f1r1_copy	341	0
gblock_f1r1_copy	342	0
gblock_f1r1_copy	343	0
gblock_f1r1_copy	344	0
gblock_f1r1_copy	345	0
gblock_f1r1_copy	346	0
gblock_f1r1_copy	347	0
gblock_f1r1_copy	348	0
gblock_f1r1_copy	349	0
gblock_f1r1_copy	350	0
gblock_f1r1_copy	351	0
gblock_f1r1_copy	352	0
gblock_f1r1_copy	353	0
gblock_f1r1_copy	354	0
gblock_f1r1_copy	355	0
gblock_f1r1_copy	356	0
gblock_f1r1_copy	357	0
gblock_f1r1_copy	358	0
gblock_f1r1_copy	359	0
gblock_f1r1_copy	360	0
gblock_f1r1_copy	361	0
gblock_f1r1_copy	362	0
gblock_f1r1_copy	363	0
gblock_f1r1_copy	364	0
gblock_f1r1_copy	365	0
gblock_f1r1_copy	366	0
gblock_f1r1_copy	367	0
