gblock_f1r1	1	14
gblock_f1r1	2	14
gblock_f1r1	3	14
gblock_f1r1	4	14
gblock_f1r1	5	14
gblock_f1r1	6	14
gblock_f1r1	7	14
gblock_f1r1	8	14
gblock_f1r1	9	14
gblock_f1r1	10	14
gblock_f1r1	11	14
gblock_f1r1	12	14
gblock_f1r1	13	14
gblock_f1r1	14	14
gblock_f1r1	15	14
gblock_f1r1	16	14
gblock_f1r1	17	14
gblock_f1r1	18	14
gblock_f1r1	19	14
gblock_f1r1	20	14
gblock_f1r1	21	14
gblock_f1r1	22	14
gblock_f1r1	23	14
gblock_f1r1	24	14
gblock_f1r1	25	14
gblock_f1r1	26	14
gblock_f1r1	27	14
gblock_f1r1	28	14
gblock_f1r1	29	14
gblock_f1r1	30	14
gblock_f1r1	31	14
gblock_f1r1	32	13
gblock_f1r1	33	14
gblock_f1r1	34	8
gblock_f1r1	35	8
gblock_f1r1	36	7
gblock_f1r1	37	8
gblock_f1r1	38	13
gblock_f1r1	39	13
gblock_f1r1	40	13
gblock_f1r1	41	13
gblock_f1r1	42	14
gblock_f1r1	43	13
gblock_f1r1	44	14
gblock_f1r1	45	13
gblock_f1r1	46	12
gblock_f1r1	47	13
gblock_f1r1	48	14
gblock_f1r1	49	17
gblock_f1r1	50	17
gblock_f1r1	51	17
gblock_f1r1	52	17
gblock_f1r1	53	17
gblock_f1r1	54	17
gblock_f1r1	55	17
gblock_f1r1	56	17
gblock_f1r1	57	17
gblock_f1r1	58	17
gblock_f1r1	59	17
gblock_f1r1	60	16
gblock_f1r1	61	17
gblock_f1r1	62	17
gblock_f1r1	63	17
gblock_f1r1	64	17
gblock_f1r1	65	17
gblock_f1r1	66	17
gblock_f1r1	67	17
gblock_f1r1	68	17
gblock_f1r1	69	17
gblock_f1r1	70	17
gblock_f1r1	71	17
gblock_f1r1	72	17
gblock_f1r1	73	17
gblock_f1r1	74	17
gblock_f1r1	75	17
gblock_f1r1	76	17
gblock_f1r1	77	17
gblock_f1r1	78	17
gblock_f1r1	79	17
gblock_f1r1	80	17
gblock_f1r1	81	17
gblock_f1r1	82	17
gblock_f1r1	83	17
gblock_f1r1	84	17
gblock_f1r1	85	17
gblock_f1r1	86	17
gblock_f1r1	87	17
gblock_f1r1	88	17
gblock_f1r1	89	17
gblock_f1r1	90	17
gblock_f1r1	91	17
gblock_f1r1	92	17
gblock_f1r1	93	17
gblock_f1r1	94	17
gblock_f1r1	95	17
gblock_f1r1	96	16
gblock_f1r1	97	17
gblock_f1r1	98	17
gblock_f1r1	99	16
gblock_f1r1	100	17
gblock_f1r1	101	17
gblock_f1r1	102	17
gblock_f1r1	103	17
gblock_f1r1	104	17
gblock_f1r1	105	17
gblock_f1r1	106	17
gblock_f1r1	107	17
gblock_f1r1	108	17
gblock_f1r1	109	17
gblock_f1r1	110	17
gblock_f1r1	111	17
gblock_f1r1	112	17
gblock_f1r1	113	17
gblock_f1r1	114	17
gblock_f1r1	115	17
gblock_f1r1	116	16
gblock_f1r1	117	16
gblock_f1r1	118	16
gblock_f1r1	119	16
gblock_f1r1	120	15
gblock_f1r1	121	15
gblock_f1r1	122	15
gblock_f1r1	123	15
gblock_f1r1	124	15
gblock_f1r1	125	15
gblock_f1r1	126	15
gblock_f1r1	127	15
gblock_f1r1	128	15
gblock_f1r1	129	15
gblock_f1r1	130	15
gblock_f1r1	131	15
gblock_f1r1	132	15
gblock_f1r1	133	15
gblock_f1r1	134	14
gblock_f1r1	135	14
gblock_f1r1	136	14
gblock_f1r1	137	14
gblock_f1r1	138	14
gblock_f1r1	139	14
gblock_f1r1	140	14
gblock_f1r1	141	14
gblock_f1r1	142	14
gblock_f1r1	143	14
gblock_f1r1	144	14
gblock_f1r1	145	13
gblock_f1r1	146	13
gblock_f1r1	147	12
gblock_f1r1	148	12
gblock_f1r1	149	12
gblock_f1r1	150	11
gblock_f1r1	151	11
gblock_f1r1	152	10
gblock_f1r1	153	10
gblock_f1r1	154	5
gblock_f1r1	155	5
gblock_f1r1	156	5
gblock_f1r1	157	10
gblock_f1r1	158	10
gblock_f1r1	159	10
gblock_f1r1	160	10
gblock_f1r1	161	10
gblock_f1r1	162	9
gblock_f1r1	163	9
gblock_f1r1	164	2
gblock_f1r1	165	2
gblock_f1r1	166	1
gblock_f1r1	167	1
gblock_f1r1	168	1
gblock_f1r1	169	1
gblock_f1r1	170	1
gblock_f1r1	171	1
gblock_f1r1	172	1
gblock_f1r1	173	1
gblock_f1r1	174	1
gblock_f1r1	175	1
gblock_f1r1	176	1
gblock_f1r1	177	1
gblock_f1r1	178	1
gblock_f1r1	179	2
gblock_f1r1	180	2
gblock_f1r1	181	2
gblock_f1r1	182	2
gblock_f1r1	183	2
gblock_f1r1	184	2
gblock_f1r1	185	2
gblock_f1r1	186	2
gblock_f1r1	187	2
gblock_f1r1	188	2
gblock_f1r1	189	2
gblock_f1r1	190	2
gblock_f1r1	191	2
gblock_f1r1	192	2
gblock_f1r1	193	2
gblock_f1r1	194	2
gblock_f1r1	195	2
gblock_f1r1	196	2
gblock_f1r1	197	2
gblock_f1r1	198	2
gblock_f1r1	199	2
gblock_f1r1	200	2
gblock_f1r1	201	2
gblock_f1r1	202	2
gblock_f1r1	203	2
gblock_f1r1	204	2
gblock_f1r1	205	2
gblock_f1r1	206	2
gblock_f1r1	207	2
gblock_f1r1	208	2
gblock_f1r1	209	2
gblock_f1r1	210	2
gblock_f1r1	211	2
gblock_f1r1	212	2
gblock_f1r1	213	2
gblock_f1r1	214	2
gblock_f1r1	215	2
gblock_f1r1	216	2
gblock_f1r1	217	2
gblock_f1r1	218	2
gblock_f1r1	219	2
gblock_f1r1	220	2
gblock_f1r1	221	2
gblock_f1r1	222	2
gblock_f1r1	223	2
gblock_f1r1	224	2
gblock_f1r1	225	2
gblock_f1r1	226	2
gblock_f1r1	227	2
gblock_f1r1	228	2
gblock_f1r1	229	2
gblock_f1r1	230	2
gblock_f1r1	231	2
gblock_f1r1	232	2
gblock_f1r1	233	2
gblock_f1r1	234	2
gblock_f1r1	235	2
gblock_f1r1	236	2
gblock_f1r1	237	2
gblock_f1r1	238	2
gblock_f1r1	239	2
gblock_f1r1	240	2
gblock_f1r1	241	2
gblock_f1r1	242	2
gblock_f1r1	243	2
gblock_f1r1	244	0
gblock_f1r1	245	0
gblock_f1r1	246	0
gblock_f1r1	247	0
gblock_f1r1	248	0
gblock_f1r1	249	0
gblock_f1r1	250	0
gblock_f1r1	251	0
gblock_f1r1	252	0
gblock_f1r1	253	0
gblock_f1r1	254	0
gblock_f1r1	255	0
gblock_f1r1	256	0
gblock_f1r1	257	0
gblock_f1r1	258	0
gblock_f1r1	259	0
gblock_f1r1	260	0
gblock_f1r1	261	0
gblock_f1r1	262	0
gblock_f1r1	263	0
gblock_f1r1	264	0
gblock_f1r1	265	0
gblock_f1r1	266	0
gblock_f1r1	267	0
gblock_f1r1	268	0
gblock_f1r1	269	0
gblock_f1r1	270	0
gblock_f1r1	271	0
gblock_f1r1	272	0
gblock_f1r1	273	0
gblock_f1r1	274	0
gblock_f1r1	275	0
gblock_f1r1	276	0
gblock_f1r1	277	0
gblock_f1r1	278	0
gblock_f1r1	279	0
gblock_f1r1	280	0
gblock_f1r1	281	0
gblock_f1r1	282	0
gblock_f1r1	283	0
gblock_f1r1	284	0
gblock_f1r1	285	0
gblock_f1r1	286	0
gblock_f1r1	287	0
gblock_f1r1	288	0
gblock_f1r1	289	0
gblock_f1r1	290	0
gblock_f1r1	291	0
gblock_f1r1	292	0
gblock_f1r1	293	0
gblock_f1r1	294	0
gblock_f1r1	295	0
gblock_f1r1	296	0
gblock_f1r1	297	0
gblock_f1r1	298	0
gblock_f1r1	299	0
gblock_f1r1	300	0
gblock_f1r1	301	0
gblock_f1r1	302	0
gblock_f1r1	303	0
gblock_f1r1	304	0
gblock_f1r1	305	0
gblock_f1r1	306	0
gblock_f1r1	307	0
gblock_f1r1	308	0
gblock_f1r1	309	0
gblock_f1r1	310	0
gblock_f1r1	311	0
gblock_f1r1	312	0
gblock_f1r1	313	0
gblock_f1r1	314	0
gblock_f1r1	315	0
gblock_f1r1	316	0
gblock_f1r1	317	0
gblock_f1r1	318	0
gblock_f1r1	319	0
gblock_f1r1	320	0
gblock_f1r1	321	0
gblock_f1r1	322	0
gblock_f1r1	323	0
gblock_f1r1	324	0
gblock_f1r1	325	0
gblock_f1r1	326	0
gblock_f1r1	327	0
gblock_f1r1	328	0
gblock_f1r1	329	0
gblock_f1r1	330	0
gblock_f1r1	331	0
gblock_f1r1	332	0
gblock_f1r1	333	0
gblock_f1r1	334	0
gblock_f1r1	335	0
gblock_f1r1	336	0
gblock_f1r1	337	0
gblock_f1r1	338	0
gblock_f1r1	339	0
gblock_f1r1	340	0
gblock_f1r1	341	0
gblock_f1r1	342	0
gblock_f1r1	343	0
gblock_f1r1	344	0
gblock_f1r1	345	0
gblock_f1r1	346	0
gblock_f1r1	347	0
gblock_f1r1	348	0
gblock_f1r1	349	0
gblock_f1r1	350	0
gblock_f1r1	351	0
gblock_f1r1	352	0
gblock_f1r1	353	0
gblock_f1r1	354	0
gblock_f1r1	355	0
gblock_f1r1	356	0
gblock_f1r1	357	0
gblock_f1r1	358	0
gblock_f1r1	359	0
gblock_f1r1	360	0
gblock_f1r1	361	0
gblock_f1r1	362	0
gblock_f1r1	363	0
gblock_f1r1	364	0
gblock_f1r1	365	0
gblock_f1r1	366	0
gblock_f1r1	367	0
